,OutputGene,InputGene,FuncSimScore,PhenoSimScore,InteractionFound,FuncSharedTerms,PhenoSharedTerms
0,PRDM8,NHLRC1,,0.225,1.0,,"['HPO:Myoclonus', 'HPO:Generalized myoclonic seizures', 'HPO:Dementia']"
1,PRDM8,EPM2A,,0.225,1.0,,"['HPO:Myoclonus', 'HPO:Generalized myoclonic seizures', 'HPO:Dementia']"
2,SCN2A,NHLRC1,,0.23134328358208955,,,"['HPO:Myoclonus', 'HPO:Generalized tonic-clonic seizures with focal onset', 'HPO:Cutaneous photosensitivity']"
3,SCN2A,EPM2A,,0.23134328358208955,,,"['HPO:Myoclonus', 'HPO:Generalized tonic-clonic seizures with focal onset', 'HPO:Cutaneous photosensitivity']"
4,GABRG2,NHLRC1,,0.2571428571428571,,,"['HPO:Generalized tonic-clonic seizures with focal onset', 'HPO:Cutaneous photosensitivity', 'HPO:Generalized myoclonic seizures']"
5,GABRG2,EPM2A,,0.2571428571428571,,,"['HPO:Generalized tonic-clonic seizures with focal onset', 'HPO:Cutaneous photosensitivity', 'HPO:Generalized myoclonic seizures']"
6,GABRA1,EPM2A,,0.25225225225225223,,,"['HPO:Generalized tonic-clonic seizures with focal onset', 'HPO:Cutaneous photosensitivity', 'HPO:Generalized myoclonic seizures']"
7,GABRA1,NHLRC1,,0.25225225225225223,,,"['HPO:Generalized tonic-clonic seizures with focal onset', 'HPO:Cutaneous photosensitivity', 'HPO:Generalized myoclonic seizures']"
8,RPS27A,NHLRC1,,,1.0,,
9,RPS27A,EPM2A,,,1.0,,
10,SAMD12,EPM2A,,0.22388059701492535,,,
11,SAMD12,NHLRC1,,0.22388059701492535,,,
12,SCARB2,EPM2A,,0.2549019607843137,,,"['HPO:Myoclonus', 'HPO:Cutaneous photosensitivity', 'HPO:Dementia']"
13,SCARB2,NHLRC1,,0.2549019607843137,,,"['HPO:Myoclonus', 'HPO:Cutaneous photosensitivity', 'HPO:Dementia']"
14,SCN1B,EPM2A,,0.2109375,,,"['HPO:Generalized tonic-clonic seizures with focal onset', 'HPO:Cutaneous photosensitivity', 'HPO:Generalized myoclonic seizures']"
15,SCN1B,NHLRC1,,0.2109375,,,"['HPO:Generalized tonic-clonic seizures with focal onset', 'HPO:Cutaneous photosensitivity', 'HPO:Generalized myoclonic seizures']"
16,ADRA2B,NHLRC1,,0.20512820512820512,,,
17,ADRA2B,EPM2A,,0.20512820512820512,,,
18,GYG1,NHLRC1,,,1.0,,
19,GYG1,EPM2A,,,1.0,,
20,EFHC1,NHLRC1,,0.2028985507246377,,,"['HPO:Myoclonus', 'HPO:Absence seizures']"
21,EFHC1,EPM2A,,0.2028985507246377,,,"['HPO:Myoclonus', 'HPO:Absence seizures']"
22,NPC1,NHLRC1,,0.2066115702479339,,,"['HPO:Dementia', 'HPO:Psychosis', 'HPO:Autosomal recessive inheritance']"
23,NPC1,EPM2A,,0.2066115702479339,,,"['HPO:Dementia', 'HPO:Psychosis', 'HPO:Autosomal recessive inheritance']"
24,SNCB,NHLRC1,,0.20689655172413796,,,"['HPO:Dementia', 'HPO:Visual hallucinations']"
25,SNCB,EPM2A,,0.20689655172413796,,,"['HPO:Dementia', 'HPO:Visual hallucinations']"
26,SORL1,EPM2A,,0.20212765957446807,,,
27,SORL1,NHLRC1,,0.20212765957446807,,,
28,DNAJC5,EPM2A,,0.2391304347826087,,,
29,DNAJC5,NHLRC1,,0.2391304347826087,,,
30,STUB1,EPM2A,,,1.0,,
31,STUB1,NHLRC1,,,1.0,,
32,GRIN2A,NHLRC1,,0.2058823529411765,,,
33,GRIN2A,EPM2A,,0.2058823529411765,,,
34,GYG2,EPM2A,,,1.0,,
35,GYG2,NHLRC1,,,1.0,,
36,CSTB,EPM2A,,0.3428571428571429,,,"['HPO:Myoclonus', 'HPO:Cutaneous photosensitivity', 'HPO:Absence seizures']"
37,CSTB,NHLRC1,,0.3428571428571429,,,"['HPO:Myoclonus', 'HPO:Cutaneous photosensitivity', 'HPO:Absence seizures']"
38,GYS1,NHLRC1,,,1.0,,
39,GYS1,EPM2A,,,1.0,,
40,GYS2,EPM2A,,,1.0,,
41,GYS2,NHLRC1,,,1.0,,
42,ITM2B,NHLRC1,,0.2111111111111111,,,"['HPO:Dementia', 'HPO:Psychosis']"
43,ITM2B,EPM2A,,0.2111111111111111,,,"['HPO:Dementia', 'HPO:Psychosis']"
44,KCNC1,NHLRC1,,0.21428571428571427,,,['HPO:Myoclonus']
45,KCNC1,EPM2A,,0.21428571428571427,,,['HPO:Myoclonus']
46,KCNQ3,NHLRC1,,0.2727272727272727,,,['HPO:Myoclonus']
47,KCNQ3,EPM2A,,0.2727272727272727,,,['HPO:Myoclonus']
48,LGI1,NHLRC1,,0.22916666666666666,,,['HPO:Generalized tonic-clonic seizures with focal onset']
49,LGI1,EPM2A,,0.22916666666666666,,,['HPO:Generalized tonic-clonic seizures with focal onset']
50,PRICKLE1,EPM2A,,0.2857142857142857,,,"['HPO:Cutaneous photosensitivity', 'HPO:Generalized myoclonic seizures', 'HPO:Dementia']"
51,PRICKLE1,NHLRC1,,0.2857142857142857,,,"['HPO:Cutaneous photosensitivity', 'HPO:Generalized myoclonic seizures', 'HPO:Dementia']"
52,PPP1R3D,NHLRC1,0.3117647058823529,,,"['Cellular protein modification process ', 'Protein modification process ', 'Macromolecule modification ']",
53,PPP1R3D,EPM2A,,,1.0,"['Cellular protein modification process ', 'Protein modification process ', 'Macromolecule modification ']",
54,MECR,EPM2A,,0.20253164556962025,,,"['HPO:Myoclonus', 'HPO:Autosomal recessive inheritance']"
55,MECR,NHLRC1,,0.20253164556962025,,,"['HPO:Myoclonus', 'HPO:Autosomal recessive inheritance']"
56,PPP1R3C,NHLRC1,,,1.0,,
57,PPP1R3C,EPM2A,,,1.0,,
58,PPOX,EPM2A,,0.22093023255813954,,,"['HPO:Cutaneous photosensitivity', 'HPO:Psychosis', 'HPO:Visual hallucinations']"
59,PPOX,NHLRC1,,0.22093023255813954,,,"['HPO:Cutaneous photosensitivity', 'HPO:Psychosis', 'HPO:Visual hallucinations']"
60,PLCB1,EPM2A,,0.2028985507246377,,,"['HPO:Myoclonus', 'HPO:Autosomal recessive inheritance']"
61,PLCB1,NHLRC1,,0.2028985507246377,,,"['HPO:Myoclonus', 'HPO:Autosomal recessive inheritance']"
62,PCDH19,NHLRC1,,0.28,,,"['HPO:Generalized tonic-clonic seizures with focal onset', 'HPO:Cutaneous photosensitivity', 'HPO:Generalized myoclonic seizures']"
63,PCDH19,EPM2A,,0.28,,,"['HPO:Generalized tonic-clonic seizures with focal onset', 'HPO:Cutaneous photosensitivity', 'HPO:Generalized myoclonic seizures']"
64,CTNND2,EPM2A,,0.23214285714285715,,,['HPO:Myoclonus']
65,CTNND2,NHLRC1,,0.23214285714285715,,,['HPO:Myoclonus']
66,SERPINI1,NHLRC1,,0.2222222222222222,,,"['HPO:Myoclonus', 'HPO:Dementia']"
67,SERPINI1,EPM2A,,0.2222222222222222,,,"['HPO:Myoclonus', 'HPO:Dementia']"
68,UBC,EPM2A,,,1.0,,
69,UBC,NHLRC1,,,1.0,,
70,CNTN2,EPM2A,,0.26785714285714285,,,"['HPO:Myoclonus', 'HPO:Autosomal recessive inheritance']"
71,CNTN2,NHLRC1,,0.26785714285714285,,,"['HPO:Myoclonus', 'HPO:Autosomal recessive inheritance']"
72,UBB,NHLRC1,,,1.0,,
73,UBB,EPM2A,,,1.0,,
74,UBA52,EPM2A,,,1.0,,
75,UBA52,NHLRC1,,,1.0,,
76,CLN5,EPM2A,,0.2169811320754717,,,"['HPO:Myoclonus', 'HPO:Autosomal recessive inheritance']"
77,CLN5,NHLRC1,,0.2169811320754717,,,"['HPO:Myoclonus', 'HPO:Autosomal recessive inheritance']"
78,CLN6,EPM2A,,0.27,,,"['HPO:Myoclonus', 'HPO:Dementia', 'HPO:Visual hallucinations']"
79,CLN6,NHLRC1,,0.27,,,"['HPO:Myoclonus', 'HPO:Dementia', 'HPO:Visual hallucinations']"
80,CLN8,NHLRC1,,0.27450980392156865,,,"['HPO:Myoclonus', 'HPO:Psychosis', 'HPO:Autosomal recessive inheritance']"
81,CLN8,EPM2A,,0.27450980392156865,,,"['HPO:Myoclonus', 'HPO:Psychosis', 'HPO:Autosomal recessive inheritance']"
82,TOPORS,NHLRC1,0.3385214007782101,,,"['Regulation of cellular protein metabolic process ', 'Regulation of protein metabolic process ', 'Cellular protein modification process ']",
83,TOPORS,EPM2A,,,1.0,"['Regulation of cellular protein metabolic process ', 'Regulation of protein metabolic process ', 'Cellular protein modification process ']",
84,UBE2N,NHLRC1,,,1.0,,
85,UBE2N,EPM2A,,,1.0,,
86,ALDH5A1,NHLRC1,,0.21794871794871795,,,"['HPO:Generalized myoclonic seizures', 'HPO:Absence seizures', 'HPO:Psychosis']"
87,ALDH5A1,EPM2A,,0.21794871794871795,,,"['HPO:Generalized myoclonic seizures', 'HPO:Absence seizures', 'HPO:Psychosis']"
88,PKM,EPM2A,,,1.0,,
89,PRKD3,NHLRC1,0.372093023255814,,,"['Cellular protein modification process ', 'Protein modification process ', 'Macromolecule modification ']",
90,UBE2L3,NHLRC1,0.32196969696969696,,,"['Regulation of cellular protein metabolic process ', 'Regulation of protein metabolic process ', 'Cellular protein modification process ']",
91,UBE2K,NHLRC1,0.3008130081300813,,,"['Regulation of cellular protein metabolic process ', 'Regulation of protein metabolic process ', 'Cellular protein modification process ']",
92,PRR5,NHLRC1,0.3580246913580247,,,"['Regulation of cellular protein metabolic process ', 'Regulation of protein metabolic process ', 'Cellular protein modification process ']",
93,PASK,NHLRC1,0.3025210084033613,,,"['Regulation of cellular protein metabolic process ', 'Regulation of protein metabolic process ', 'Cellular protein modification process ']",
94,UBE2H,NHLRC1,,,1.0,,
95,PSMC3,EPM2A,,,1.0,,
96,RASSF5,NHLRC1,0.3790849673202614,,,"['Regulation of cellular protein metabolic process ', 'Regulation of protein metabolic process ', 'Cellular protein modification process ']",
97,RBBP6,NHLRC1,0.3114754098360656,,,"['Cellular protein modification process ', 'Protein modification process ', 'Macromolecule modification ']",
98,RCHY1,NHLRC1,0.42857142857142855,,,"['Regulation of cellular protein metabolic process ', 'Regulation of protein metabolic process ', 'Cellular protein modification process ']",
99,RNF111,NHLRC1,0.3461538461538461,,,"['Regulation of cellular protein metabolic process ', 'Regulation of protein metabolic process ', 'Cellular protein modification process ']",
100,RNF122,NHLRC1,0.31756756756756754,,,"['Cellular protein modification process ', 'Protein modification process ', 'Macromolecule modification ']",
101,UBE2G2,NHLRC1,0.3034188034188034,,,"['Regulation of cellular protein metabolic process ', 'Regulation of protein metabolic process ', 'Cellular protein modification process ']",
102,OTUB1,EPM2A,,,1.0,,
103,UBE2E1,NHLRC1,,,1.0,,
104,UBE2D3,NHLRC1,,,1.0,,
105,UBE2D1,NHLRC1,,,1.0,,
106,PRKAG3,NHLRC1,0.3168724279835391,,,"['Regulation of cellular protein metabolic process ', 'Regulation of protein metabolic process ', 'Cellular protein modification process ']",
107,PILRB,NHLRC1,0.3625,,,"['Regulation of cellular protein metabolic process ', 'Regulation of protein metabolic process ', 'Cellular protein modification process ']",
108,PELI2,NHLRC1,0.3069306930693069,,,"['Regulation of cellular protein metabolic process ', 'Regulation of protein metabolic process ', 'Cellular protein modification process ']",
109,PPP2R3C,NHLRC1,0.33519553072625696,,,"['Regulation of cellular protein metabolic process ', 'Regulation of protein metabolic process ', 'Cellular protein modification process ']",
110,ZFP91,NHLRC1,0.3686868686868687,,,"['Regulation of cellular protein metabolic process ', 'Regulation of protein metabolic process ', 'Cellular protein modification process ']",
111,ZFAND2A,NHLRC1,0.3225806451612903,,,"['Regulation of cellular protein metabolic process ', 'Regulation of protein metabolic process ', 'Positive regulation of cellular protein metabolic process ']",
112,PPP1R3B,NHLRC1,0.3370165745856354,,,"['Regulation of cellular protein metabolic process ', 'Regulation of protein metabolic process ', 'Cellular protein modification process ']",
113,WDFY2,NHLRC1,0.32413793103448274,,,"['Regulation of cellular protein metabolic process ', 'Regulation of protein metabolic process ', 'Cellular protein modification process ']",
114,USP5,NHLRC1,0.3475609756097561,,,"['Regulation of cellular protein metabolic process ', 'Regulation of protein metabolic process ', 'Cellular protein modification process ']",
115,USP4,NHLRC1,0.3081081081081081,,,"['Regulation of cellular protein metabolic process ', 'Regulation of protein metabolic process ', 'Cellular protein modification process ']",
116,PPP1R3E,NHLRC1,0.31137724550898205,,,"['Cellular protein modification process ', 'Protein modification process ', 'Macromolecule modification ']",
117,PPP2R5A,NHLRC1,0.3791208791208791,,,"['Regulation of cellular protein metabolic process ', 'Regulation of protein metabolic process ', 'Cellular protein modification process ']",
118,PRKAB2,EPM2A,,,1.0,,
119,PHKG2,NHLRC1,0.36464088397790057,,,"['Cellular protein modification process ', 'Protein modification process ', 'Macromolecule modification ']",
120,USP13,NHLRC1,0.3035714285714285,,,"['Regulation of cellular protein metabolic process ', 'Regulation of protein metabolic process ', 'Cellular protein modification process ']",
121,PHKG1,NHLRC1,0.34394904458598724,,,"['Cellular protein modification process ', 'Protein modification process ', 'Macromolecule modification ']",
122,UBE2S,NHLRC1,0.3578947368421053,,,"['Regulation of cellular protein metabolic process ', 'Regulation of protein metabolic process ', 'Cellular protein modification process ']",
123,UBE2C,NHLRC1,0.3285024154589372,,,"['Regulation of cellular protein metabolic process ', 'Regulation of protein metabolic process ', 'Cellular protein modification process ']",
124,PRKAA1,EPM2A,,,1.0,,
125,PRKAA2,EPM2A,,,1.0,,
126,RNF128,NHLRC1,0.3736263736263736,,,"['Regulation of cellular protein metabolic process ', 'Regulation of protein metabolic process ', 'Cellular protein modification process ']",
127,TMEM129,NHLRC1,0.3419354838709677,,,"['Cellular protein modification process ', 'Protein modification process ', 'Macromolecule modification ']",
128,RNF139,NHLRC1,0.336322869955157,,,"['Regulation of cellular protein metabolic process ', 'Regulation of protein metabolic process ', 'Cellular protein modification process ']",
129,SMG8,NHLRC1,0.35526315789473684,,,"['Regulation of cellular protein metabolic process ', 'Regulation of protein metabolic process ', 'Cellular protein modification process ']",
130,SPDYA,NHLRC1,0.3015075376884422,,,"['Regulation of cellular protein metabolic process ', 'Regulation of protein metabolic process ', 'Cellular protein modification process ']",
131,TOM1L1,NHLRC1,0.3793103448275862,,,"['Regulation of cellular protein metabolic process ', 'Regulation of protein metabolic process ', 'Cellular protein modification process ']",
132,SPOPL,NHLRC1,0.3309859154929577,,,"['Regulation of cellular protein metabolic process ', 'Regulation of protein metabolic process ', 'Cellular protein modification process ']",
133,SPRTN,NHLRC1,0.3374233128834356,,,"['Regulation of cellular protein metabolic process ', 'Regulation of protein metabolic process ', 'Cellular protein modification process ']",
134,SPSB4,NHLRC1,0.4097222222222222,,,"['Regulation of cellular protein metabolic process ', 'Regulation of protein metabolic process ', 'Cellular protein modification process ']",
135,SQSTM1,EPM2A,,,1.0,,
136,SRPK2,EPM2A,,,1.0,,
137,STBD1,EPM2A,,,1.0,,
138,STK40,NHLRC1,0.30526315789473685,,,"['Regulation of cellular protein metabolic process ', 'Regulation of protein metabolic process ', 'Cellular protein modification process ']",
139,STRADA,NHLRC1,0.328125,,,"['Regulation of cellular protein metabolic process ', 'Regulation of protein metabolic process ', 'Cellular protein modification process ']",
140,STRADB,NHLRC1,0.30952380952380953,,,"['Regulation of cellular protein metabolic process ', 'Regulation of protein metabolic process ', 'Cellular protein modification process ']",
141,SUMO2,NHLRC1,0.3148148148148148,,,"['Regulation of cellular protein metabolic process ', 'Regulation of protein metabolic process ', 'Cellular protein modification process ']",
142,TCL1A,NHLRC1,0.3612903225806451,,,,
143,TCL1B,NHLRC1,0.35,,,"['Regulation of cellular protein metabolic process ', 'Regulation of protein metabolic process ', 'Cellular protein modification process ']",
144,TDG,EPM2A,,,1.0,,
145,TMTC3,NHLRC1,0.3540372670807453,,,"['Regulation of cellular protein metabolic process ', 'Regulation of protein metabolic process ', 'Cellular protein modification process ']",
146,TMEM59,NHLRC1,0.32446808510638303,,,"['Regulation of cellular protein metabolic process ', 'Regulation of protein metabolic process ', 'Cellular protein modification process ']",
147,SOCS4,NHLRC1,0.35545023696682465,,,"['Regulation of cellular protein metabolic process ', 'Regulation of protein metabolic process ', 'Cellular protein modification process ']",
148,SHC2,NHLRC1,0.3372093023255814,,,"['Regulation of cellular protein metabolic process ', 'Regulation of protein metabolic process ', 'Cellular protein modification process ']",
149,RNF144B,NHLRC1,0.30985915492957744,,,"['Regulation of cellular protein metabolic process ', 'Regulation of protein metabolic process ', 'Cellular protein modification process ']",
150,SH3RF3,NHLRC1,0.3470588235294117,,,"['Regulation of cellular protein metabolic process ', 'Regulation of protein metabolic process ', 'Cellular protein modification process ']",
151,RNF180,NHLRC1,0.3656716417910448,,,"['Regulation of cellular protein metabolic process ', 'Regulation of protein metabolic process ', 'Cellular protein modification process ']",
152,TELO2,NHLRC1,0.3295454545454545,,,"['Regulation of cellular protein metabolic process ', 'Regulation of protein metabolic process ', 'Cellular protein modification process ']",
153,RNF185,NHLRC1,0.371584699453552,,,"['Regulation of cellular protein metabolic process ', 'Regulation of protein metabolic process ', 'Cellular protein modification process ']",
154,RNF186,NHLRC1,0.3851351351351352,,,"['Cellular protein modification process ', 'Protein modification process ', 'Macromolecule modification ']",
155,RNF187,NHLRC1,0.37869822485207105,,,"['Cellular protein modification process ', 'Protein modification process ', 'Macromolecule modification ']",
156,RNF217,NHLRC1,0.3053435114503817,,,"['Regulation of cellular protein metabolic process ', 'Regulation of protein metabolic process ', 'Cellular protein modification process ']",
157,RNFT1,NHLRC1,0.37423312883435583,,,"['Regulation of cellular protein metabolic process ', 'Regulation of protein metabolic process ', 'Cellular protein modification process ']",
158,RPL10,EPM2A,,,1.0,,
159,RPLP1,NHLRC1,0.3623188405797101,,,"['Regulation of cellular protein metabolic process ', 'Regulation of protein metabolic process ', 'Cellular protein modification process ']",
160,RPS2,NHLRC1,0.3271028037383177,,,"['Regulation of cellular protein metabolic process ', 'Regulation of protein metabolic process ', 'Cellular protein modification process ']",
161,RPS6KB2,NHLRC1,0.3016759776536313,,,"['Regulation of cellular protein metabolic process ', 'Regulation of protein metabolic process ', 'Cellular protein modification process ']",
162,TTC3,NHLRC1,0.3106060606060606,,,"['Cellular protein modification process ', 'Protein modification process ', 'Macromolecule modification ']",
163,TRPT1,NHLRC1,0.3087248322147651,,,"['Regulation of cellular protein metabolic process ', 'Regulation of protein metabolic process ', 'Cellular protein modification process ']",
164,TRIB2,NHLRC1,0.3521739130434783,,,"['Regulation of cellular protein metabolic process ', 'Regulation of protein metabolic process ', 'Cellular protein modification process ']",
165,TRAF7,NHLRC1,0.35294117647058826,,,"['Regulation of cellular protein metabolic process ', 'Regulation of protein metabolic process ', 'Cellular protein modification process ']",
166,SERTAD1,NHLRC1,0.33519553072625696,,,"['Regulation of cellular protein metabolic process ', 'Regulation of protein metabolic process ', 'Cellular protein modification process ']",
167,SH3RF2,NHLRC1,0.3065134099616858,,,"['Regulation of cellular protein metabolic process ', 'Regulation of protein metabolic process ', 'Cellular protein modification process ']",
168,NUB1,NHLRC1,0.3272727272727273,,,"['Regulation of cellular protein metabolic process ', 'Regulation of protein metabolic process ', 'Cellular protein modification process ']",
169,MMD2,NHLRC1,0.32620320855614976,,,,
170,NNAT,NHLRC1,,,1.0,,
171,NKD2,NHLRC1,0.32547169811320753,,,"['Regulation of cellular protein metabolic process ', 'Regulation of protein metabolic process ', 'Positive regulation of cellular protein metabolic process ']",
172,COP1,NHLRC1,0.3935483870967742,,,"['Regulation of cellular protein metabolic process ', 'Regulation of protein metabolic process ', 'Cellular protein modification process ']",
173,COPS8,NHLRC1,0.3209302325581395,,,"['Regulation of cellular protein metabolic process ', 'Regulation of protein metabolic process ', 'Cellular protein modification process ']",
174,COX5A,EPM2A,,,1.0,,
175,DAZAP2,NHLRC1,0.34567901234567894,,,"['Regulation of cellular protein metabolic process ', 'Regulation of protein metabolic process ', 'Cellular protein modification process ']",
176,DBF4,NHLRC1,0.3575418994413408,,,"['Regulation of cellular protein metabolic process ', 'Regulation of protein metabolic process ', 'Cellular protein modification process ']",
177,DBNDD2,NHLRC1,0.31543624161073824,,,"['Regulation of cellular protein metabolic process ', 'Regulation of protein metabolic process ', 'Cellular protein modification process ']",
178,DERL1,NHLRC1,0.35353535353535354,,,"['Regulation of cellular protein metabolic process ', 'Regulation of protein metabolic process ', 'Cellular protein modification process ']",
179,DET1,NHLRC1,0.32098765432098764,,,"['Regulation of cellular protein metabolic process ', 'Regulation of protein metabolic process ', 'Cellular protein modification process ']",
180,DGKA,NHLRC1,0.3282051282051282,,,"['Phosphorylation ', 'Transferase activity ']",
181,DGKB,NHLRC1,0.30049261083743845,,,"['Phosphorylation ', 'Transferase activity ']",
182,DGKE,NHLRC1,0.3333333333333333,,,"['Phosphorylation ', 'Transferase activity ']",
183,DGKG,NHLRC1,0.3177083333333333,,,"['Phosphorylation ', 'Transferase activity ']",
184,DGKH,NHLRC1,0.32446808510638303,,,"['Phosphorylation ', 'Transferase activity ']",
185,DGKK,NHLRC1,0.33516483516483514,,,"['Phosphorylation ', 'Transferase activity ']",
186,DGKZ,NHLRC1,0.3142857142857143,,,"['Regulation of transferase activity ', 'Positive regulation of cellular metabolic process ', 'Positive regulation of metabolic process ']",
187,DIRAS3,NHLRC1,0.3333333333333333,,,"['Regulation of cellular protein metabolic process ', 'Regulation of protein metabolic process ', 'Cellular protein modification process ']",
188,DNAJC10,NHLRC1,0.3025641025641025,,,"['Regulation of cellular protein metabolic process ', 'Regulation of protein metabolic process ', 'Cellular protein modification process ']",
189,DOCK3,NHLRC1,0.3431952662721893,,,"['Regulation of cellular protein metabolic process ', 'Regulation of protein metabolic process ', 'Cellular protein modification process ']",
190,DOK7,NHLRC1,0.3684210526315789,,,"['Regulation of cellular protein metabolic process ', 'Regulation of protein metabolic process ', 'Cellular protein modification process ']",
191,DUSP11,EPM2A,,,1.0,,
192,DUSP3,EPM2A,,,1.0,,
193,DUSP5,NHLRC1,0.327683615819209,,,"['Regulation of cellular protein metabolic process ', 'Regulation of protein metabolic process ', 'Cellular protein modification process ']",
194,DVL2,NHLRC1,,,1.0,,
195,COMMD1,NHLRC1,0.3278008298755187,,,"['Regulation of cellular protein metabolic process ', 'Regulation of protein metabolic process ', 'Cellular protein modification process ']",
196,CNPPD1,NHLRC1,0.32867132867132864,,,"['Regulation of cellular protein metabolic process ', 'Regulation of protein metabolic process ', 'Cellular protein modification process ']",
197,CLSPN,NHLRC1,0.3087557603686636,,,"['Regulation of cellular protein metabolic process ', 'Regulation of protein metabolic process ', 'Cellular protein modification process ']",
198,CBLC,NHLRC1,0.3240740740740741,,,"['Regulation of cellular protein metabolic process ', 'Regulation of protein metabolic process ', 'Cellular protein modification process ']",
199,ARAF,NHLRC1,0.3756613756613757,,,"['Regulation of cellular protein metabolic process ', 'Regulation of protein metabolic process ', 'Cellular protein modification process ']",
200,ARRDC4,NHLRC1,0.36,,,"['Regulation of cellular protein metabolic process ', 'Regulation of protein metabolic process ', 'Cellular protein modification process ']",
201,ATG10,NHLRC1,0.375,,,"['Regulation of cellular protein metabolic process ', 'Regulation of protein metabolic process ', 'Cellular protein modification process ']",
202,BAG2,NHLRC1,0.3023255813953488,,,"['Regulation of cellular protein metabolic process ', 'Regulation of protein metabolic process ', 'Cellular protein modification process ']",
203,BRAF,NHLRC1,0.30701754385964913,,,"['Regulation of cellular protein metabolic process ', 'Regulation of protein metabolic process ', 'Cellular protein modification process ']",
204,BRAT1,NHLRC1,0.3128834355828221,,,"['Regulation of cellular protein metabolic process ', 'Regulation of protein metabolic process ', 'Cellular protein modification process ']",
205,C1QTNF2,NHLRC1,0.3374485596707819,,,"['Regulation of cellular protein metabolic process ', 'Regulation of protein metabolic process ', 'Cellular protein modification process ']",
206,CACUL1,NHLRC1,0.4259259259259259,,,"['Regulation of cellular protein metabolic process ', 'Regulation of protein metabolic process ', 'Cellular protein modification process ']",
207,CAMKK2,NHLRC1,0.3189655172413793,,,"['Regulation of cellular protein metabolic process ', 'Regulation of protein metabolic process ', 'Cellular protein modification process ']",
208,CARD14,NHLRC1,0.3023255813953488,,,"['Regulation of cellular protein metabolic process ', 'Regulation of protein metabolic process ', 'Cellular protein modification process ']",
209,CCNC,NHLRC1,0.33707865168539325,,,"['Regulation of cellular protein metabolic process ', 'Regulation of protein metabolic process ', 'Cellular protein modification process ']",
210,CKS2,NHLRC1,0.3043478260869565,,,"['Regulation of cellular protein metabolic process ', 'Regulation of protein metabolic process ', 'Cellular protein modification process ']",
211,CCNL1,NHLRC1,0.32432432432432434,,,"['Regulation of cellular protein metabolic process ', 'Regulation of protein metabolic process ', 'Cellular protein modification process ']",
212,CCNL2,NHLRC1,0.3357142857142857,,,"['Regulation of cellular protein metabolic process ', 'Regulation of protein metabolic process ', 'Cellular protein modification process ']",
213,CCNQ,NHLRC1,0.3357142857142857,,,"['Regulation of cellular protein metabolic process ', 'Regulation of protein metabolic process ', 'Cellular protein modification process ']",
214,CCNY,NHLRC1,0.30526315789473685,,,"['Regulation of cellular protein metabolic process ', 'Regulation of protein metabolic process ', 'Cellular protein modification process ']",
215,CDC14B,NHLRC1,0.3048128342245989,,,"['Regulation of cellular protein metabolic process ', 'Regulation of protein metabolic process ', 'Cellular protein modification process ']",
216,CDC20B,NHLRC1,0.3493150684931507,,,"['Regulation of cellular protein metabolic process ', 'Regulation of protein metabolic process ', 'Cellular protein modification process ']",
217,CDK2AP1,NHLRC1,0.3202614379084967,,,"['Regulation of cellular protein metabolic process ', 'Regulation of protein metabolic process ', 'Cellular protein modification process ']",
218,CHFR,NHLRC1,0.3764044943820225,,,"['Regulation of cellular protein metabolic process ', 'Regulation of protein metabolic process ', 'Cellular protein modification process ']",
219,CISH,NHLRC1,0.3333333333333333,,,"['Cellular protein modification process ', 'Protein modification process ', 'Macromolecule modification ']",
220,CKS1B,NHLRC1,0.3636363636363637,,,"['Regulation of cellular protein metabolic process ', 'Regulation of protein metabolic process ', 'Cellular protein modification process ']",
221,DYNAP,NHLRC1,0.3493975903614458,,,"['Regulation of cellular protein metabolic process ', 'Regulation of protein metabolic process ', 'Cellular protein modification process ']",
222,DYRK2,NHLRC1,0.30493273542600896,,,"['Cellular protein modification process ', 'Protein modification process ', 'Macromolecule modification ']",
223,EDEM1,NHLRC1,0.30493273542600896,,,"['Regulation of cellular protein metabolic process ', 'Regulation of protein metabolic process ', 'Cellular protein modification process ']",
224,MICOS10-NBL1,NHLRC1,,,1.0,,
225,KLHL40,NHLRC1,0.32,,,"['Regulation of cellular protein metabolic process ', 'Regulation of protein metabolic process ', 'Cellular protein modification process ']",
226,KLHL42,NHLRC1,0.3161764705882353,,,"['Cellular protein modification process ', 'Protein modification process ', 'Macromolecule modification ']",
227,KSR1,NHLRC1,0.3177083333333333,,,"['Regulation of cellular protein metabolic process ', 'Regulation of protein metabolic process ', 'Cellular protein modification process ']",
228,LCP2,NHLRC1,0.32460732984293195,,,"['Regulation of cellular protein metabolic process ', 'Regulation of protein metabolic process ', 'Cellular protein modification process ']",
229,MAGEA2,NHLRC1,0.3349282296650718,,,"['Regulation of cellular protein metabolic process ', 'Regulation of protein metabolic process ', 'Cellular protein modification process ']",
230,MAGEC2,NHLRC1,0.4244604316546763,,,"['Regulation of cellular protein metabolic process ', 'Regulation of protein metabolic process ', 'Cellular protein modification process ']",
231,MAP3K6,NHLRC1,0.3054187192118227,,,"['Regulation of cellular protein metabolic process ', 'Regulation of protein metabolic process ', 'Cellular protein modification process ']",
232,MAP4K3,NHLRC1,0.3096446700507614,,,"['Regulation of cellular protein metabolic process ', 'Regulation of protein metabolic process ', 'Cellular protein modification process ']",
233,MAP4K5,NHLRC1,0.30049261083743845,,,"['Regulation of cellular protein metabolic process ', 'Regulation of protein metabolic process ', 'Cellular protein modification process ']",
234,MARCH6,NHLRC1,0.3018867924528302,,,"['Cellular protein modification process ', 'Protein modification process ', 'Macromolecule modification ']",
235,MLST8,NHLRC1,0.3137254901960784,,,"['Regulation of cellular protein metabolic process ', 'Regulation of protein metabolic process ', 'Cellular protein modification process ']",
236,JTB,NHLRC1,0.34567901234567894,,,"['Regulation of cellular protein metabolic process ', 'Regulation of protein metabolic process ', 'Cellular protein modification process ']",
237,MMD,NHLRC1,0.3470588235294117,,,"['Regulation of cellular protein metabolic process ', 'Regulation of protein metabolic process ', 'Cellular protein modification process ']",
238,AGL,NHLRC1,,,1.0,,
239,MOB1B,NHLRC1,0.3684210526315789,,,"['Regulation of cellular protein metabolic process ', 'Regulation of protein metabolic process ', 'Cellular protein modification process ']",
240,MST1,NHLRC1,0.3181818181818182,,,"['Positive regulation of metabolic process ', 'Positive regulation of macromolecule metabolic process ', 'Catalytic activity, acting on a protein ']",
241,MT-RNR1,NHLRC1,0.3636363636363637,,,,
242,MTA1,NHLRC1,0.3037974683544304,,,"['Regulation of cellular protein metabolic process ', 'Regulation of protein metabolic process ', 'Cellular protein modification process ']",
243,MTCP1,NHLRC1,0.35,,,"['Regulation of cellular protein metabolic process ', 'Regulation of protein metabolic process ', 'Cellular protein modification process ']",
244,MUSK,NHLRC1,0.3253588516746411,,,"['Regulation of cellular protein metabolic process ', 'Regulation of protein metabolic process ', 'Cellular protein modification process ']",
245,NEK10,NHLRC1,0.3125,,,"['Regulation of cellular protein metabolic process ', 'Regulation of protein metabolic process ', 'Cellular protein modification process ']",
246,NFU1,EPM2A,,,1.0,,
247,KLHL25,NHLRC1,0.3133333333333333,,,"['Regulation of cellular protein metabolic process ', 'Regulation of protein metabolic process ', 'Cellular protein modification process ']",
248,HSPBP1,NHLRC1,0.3860759493670886,,,"['Regulation of cellular protein metabolic process ', 'Regulation of protein metabolic process ', 'Cellular protein modification process ']",
249,EDEM2,NHLRC1,0.3101851851851852,,,"['Regulation of cellular protein metabolic process ', 'Regulation of protein metabolic process ', 'Cellular protein modification process ']",
250,FBXO22,NHLRC1,0.31683168316831684,,,"['Regulation of cellular protein metabolic process ', 'Regulation of protein metabolic process ', 'Cellular protein modification process ']",
251,EIF2B1,EPM2A,,,1.0,,
252,EPM2AIP1,EPM2A,,,1.0,,
253,ERP29,NHLRC1,0.3141592920353982,,,"['Regulation of cellular protein metabolic process ', 'Regulation of protein metabolic process ', 'Cellular protein modification process ']",
254,ETAA1,NHLRC1,0.34574468085106386,,,"['Regulation of cellular protein metabolic process ', 'Regulation of protein metabolic process ', 'Cellular protein modification process ']",
255,FAF1,NHLRC1,0.3333333333333333,,,"['Regulation of cellular protein metabolic process ', 'Regulation of protein metabolic process ', 'Cellular protein modification process ']",
256,FAM129A,NHLRC1,0.32941176470588235,,,,
257,FAM20A,NHLRC1,0.3048128342245989,,,"['Regulation of cellular protein metabolic process ', 'Regulation of protein metabolic process ', 'Cellular protein modification process ']",
258,FANCI,NHLRC1,0.31756756756756754,,,"['Regulation of cellular protein metabolic process ', 'Regulation of protein metabolic process ', 'Cellular protein modification process ']",
259,FBXL5,NHLRC1,0.3836477987421384,,,"['Regulation of cellular protein metabolic process ', 'Regulation of protein metabolic process ', 'Cellular protein modification process ']",
260,FBXO2,NHLRC1,0.363013698630137,,,"['Regulation of cellular protein metabolic process ', 'Regulation of protein metabolic process ', 'Cellular protein modification process ']",
261,FBXO30,EPM2A,,,1.0,,
262,HSPA4,NHLRC1,,,1.0,,
263,FBXO4,NHLRC1,0.3539094650205761,,,"['Regulation of cellular protein metabolic process ', 'Regulation of protein metabolic process ', 'Cellular protein modification process ']",
264,FIZ1,NHLRC1,0.31213872832369943,,,"['Regulation of cellular protein metabolic process ', 'Regulation of protein metabolic process ', 'Cellular protein modification process ']",
265,GNG3,NHLRC1,0.30526315789473685,,,"['Regulation of cellular protein metabolic process ', 'Regulation of protein metabolic process ', 'Cellular protein modification process ']",
266,GPRC5C,NHLRC1,0.3758389261744967,,,"['Regulation of cellular protein metabolic process ', 'Regulation of protein metabolic process ', 'Cellular protein modification process ']",
267,GPRC5D,NHLRC1,0.3758389261744967,,,"['Regulation of cellular protein metabolic process ', 'Regulation of protein metabolic process ', 'Cellular protein modification process ']",
268,GSK3B,EPM2A,,,1.0,,
269,HERC5,NHLRC1,0.3089887640449438,,,"['Regulation of cellular protein metabolic process ', 'Regulation of protein metabolic process ', 'Cellular protein modification process ']",
270,HEXIM1,EPM2A,,,1.0,,
271,HMGXB4,EPM2A,,,1.0,,
272,HSP90AA1,NHLRC1,,,1.0,,
273,ZNRF1,NHLRC1,0.3208955223880597,,,"['Cellular protein modification process ', 'Protein modification process ', 'Macromolecule modification ']",
