,gene,geneLabel,variant,variantLabel,disease,diseaseLabel
0,http://www.wikidata.org/entity/Q17927056,FANCA,,,,
1,http://www.wikidata.org/entity/Q17927471,FANCB,,,,
2,http://www.wikidata.org/entity/Q18250517,FANCC,http://www.wikidata.org/entity/Q28445146,FANCC LOSS-OF-FUNCTION,,
3,http://www.wikidata.org/entity/Q17927077,FANCE,,,,
4,http://www.wikidata.org/entity/Q17927502,FANCF,,,,
5,http://www.wikidata.org/entity/Q17927524,FANCG,,,,
6,http://www.wikidata.org/entity/Q18041564,FANCL,,,,
7,http://www.wikidata.org/entity/Q18044458,FANCM,,,,
8,http://www.wikidata.org/entity/Q17927069,FANCD2,,,,
9,http://www.wikidata.org/entity/Q18041663,FANCI,,,,
10,http://www.wikidata.org/entity/Q18039587,UBE2T,,,,
11,http://www.wikidata.org/entity/Q17853272,BRCA2,http://www.wikidata.org/entity/Q29938738,BRCA2 M1I,,
12,http://www.wikidata.org/entity/Q17853272,BRCA2,http://www.wikidata.org/entity/Q29938739,BRCA2 V159M,,
13,http://www.wikidata.org/entity/Q17853272,BRCA2,http://www.wikidata.org/entity/Q29938740,BRCA2 V211L,,
14,http://www.wikidata.org/entity/Q17853272,BRCA2,http://www.wikidata.org/entity/Q28371625,BRCA2 TRUNCATING MUTATION,,
15,http://www.wikidata.org/entity/Q17853272,BRCA2,http://www.wikidata.org/entity/Q28444961,BRCA2 MUTATION,,
16,http://www.wikidata.org/entity/Q17853272,BRCA2,http://www.wikidata.org/entity/Q28444938,BRCA2 LOSS-OF-FUNCTION,,
17,http://www.wikidata.org/entity/Q17853272,BRCA2,http://www.wikidata.org/entity/Q29938737,BRCA2 M1R,,
18,http://www.wikidata.org/entity/Q17853272,BRCA2,http://www.wikidata.org/entity/Q29938742,BRCA2 R2336P,,
19,http://www.wikidata.org/entity/Q17853272,BRCA2,http://www.wikidata.org/entity/Q29938743,BRCA2 R2336H,,
20,http://www.wikidata.org/entity/Q17853272,BRCA2,http://www.wikidata.org/entity/Q29938741,BRCA2 V211I,,
21,http://www.wikidata.org/entity/Q17853272,BRCA2,http://www.wikidata.org/entity/Q28371604,BRCA2 D3095E,http://www.wikidata.org/entity/Q128581,breast cancer
22,http://www.wikidata.org/entity/Q18047355,BRIP1,,,,
23,http://www.wikidata.org/entity/Q18046302,PALB2,http://www.wikidata.org/entity/Q28439607,PALB2 L531FS*30,http://www.wikidata.org/entity/Q128581,breast cancer
24,http://www.wikidata.org/entity/Q18046302,PALB2,http://www.wikidata.org/entity/Q28371488,PALB2 BIALLELIC INACTIVATION,,
25,http://www.wikidata.org/entity/Q18031015,RAD51C,,,,
26,http://www.wikidata.org/entity/Q18047618,SLX4,,,,
27,http://www.wikidata.org/entity/Q17917469,ERCC4,,,,
28,http://www.wikidata.org/entity/Q14907732,RAD51,,,,
29,http://www.wikidata.org/entity/Q227339,BRCA1,http://www.wikidata.org/entity/Q29938727,BRCA1 R71G,,
30,http://www.wikidata.org/entity/Q227339,BRCA1,http://www.wikidata.org/entity/Q29938724,BRCA1 M1I,,
31,http://www.wikidata.org/entity/Q227339,BRCA1,http://www.wikidata.org/entity/Q28445090,BRCA1 UNDEREXPRESSION,,
32,http://www.wikidata.org/entity/Q227339,BRCA1,http://www.wikidata.org/entity/Q29938730,BRCA1 R1495M,,
33,http://www.wikidata.org/entity/Q227339,BRCA1,http://www.wikidata.org/entity/Q29938735,BRCA1 R1443*,,
34,http://www.wikidata.org/entity/Q227339,BRCA1,http://www.wikidata.org/entity/Q28444937,BRCA1 LOSS-OF-FUNCTION,,
35,http://www.wikidata.org/entity/Q227339,BRCA1,http://www.wikidata.org/entity/Q28444960,BRCA1 MUTATION,,
36,http://www.wikidata.org/entity/Q227339,BRCA1,http://www.wikidata.org/entity/Q28532483,BRCA1 TRUNCATING MUTATION,,
37,http://www.wikidata.org/entity/Q227339,BRCA1,http://www.wikidata.org/entity/Q29938734,BRCA1 D1692N,,
38,http://www.wikidata.org/entity/Q227339,BRCA1,http://www.wikidata.org/entity/Q29938732,BRCA1 E1559K,,
39,http://www.wikidata.org/entity/Q227339,BRCA1,http://www.wikidata.org/entity/Q29938736,BRCA1 Q1467*,,
40,http://www.wikidata.org/entity/Q227339,BRCA1,http://www.wikidata.org/entity/Q28445085,BRCA1 EXPRESSION,,
41,http://www.wikidata.org/entity/Q227339,BRCA1,http://www.wikidata.org/entity/Q32965138,BRCA1 W1815X,,
42,http://www.wikidata.org/entity/Q227339,BRCA1,http://www.wikidata.org/entity/Q29938723,BRCA1 M1V,,
43,http://www.wikidata.org/entity/Q227339,BRCA1,http://www.wikidata.org/entity/Q29938726,BRCA1 C64Y,,
44,http://www.wikidata.org/entity/Q227339,BRCA1,http://www.wikidata.org/entity/Q29938725,BRCA1 C61G,,
45,http://www.wikidata.org/entity/Q227339,BRCA1,http://www.wikidata.org/entity/Q29938728,BRCA1 R71K,,
46,http://www.wikidata.org/entity/Q227339,BRCA1,http://www.wikidata.org/entity/Q28381200,BRCA1 P968FS,http://www.wikidata.org/entity/Q128581,breast cancer
47,http://www.wikidata.org/entity/Q227339,BRCA1,http://www.wikidata.org/entity/Q28381200,BRCA1 P968FS,http://www.wikidata.org/entity/Q172341,ovarian cancer
48,http://www.wikidata.org/entity/Q18035401,MAD2L2,,,,
49,http://www.wikidata.org/entity/Q18032394,XRCC2,,,,
50,http://www.wikidata.org/entity/Q18041606,RFWD3,,,,
51,http://www.wikidata.org/entity/Q18046665,FAAP100,,,,
52,http://www.wikidata.org/entity/Q18048517,FAAP24,,,,
53,http://www.wikidata.org/entity/Q18053146,FAAP20,,,,
54,http://www.wikidata.org/entity/Q18056210,CENPS,,,,
55,http://www.wikidata.org/entity/Q18053211,CENPX,,,,
