begin,type,PTM_Type,evidences,end,Gene Symbol,category,NCBI Gene ID
289,MOD_RES,N6-acetyllysine,"ECO:0000244 - combinatorial evidence used in manual assertion[URL](http://www.ncbi.nlm.nih.gov/pubmed/19608861)",289,ERCC4,PTM,2072
521,MOD_RES,Phosphoserine,"ECO:0000250 - sequence similarity evidence used in manual assertion[URL](http://www.uniprot.org/uniprot/Q9QZD4)",521,ERCC4,PTM,2072
764,MOD_RES,Phosphoserine,"ECO:0000250 - sequence similarity evidence used in manual assertion[URL](http://www.uniprot.org/uniprot/Q9QZD4)",764,ERCC4,PTM,2072
500,CROSSLNK,Glycyl lysine isopeptide (Lys-Gly) (interchain with G-Cter in SUMO2),"ECO:0000244 - combinatorial evidence used in manual assertion[URL](http://www.ncbi.nlm.nih.gov/pubmed/28112733)",500,ERCC4,PTM,2072
,,,,,MAD2L2,,10459
20,MOD_RES,Phosphoserine,"ECO:0000244 - combinatorial evidence used in manual assertion[URL](http://www.ncbi.nlm.nih.gov/pubmed/23186163)",20,RAD51C,PTM,5889
1449,MOD_RES,Phosphoserine,"ECO:0000244 - combinatorial evidence used in manual assertion[URL](http://www.ncbi.nlm.nih.gov/pubmed/17525332)ECO:0000244 - combinatorial evidence used in manual assertion[URL](http://www.ncbi.nlm.nih.gov/pubmed/18691976)ECO:0000244 - combinatorial evidence used in manual assertion[URL](http://www.ncbi.nlm.nih.gov/pubmed/23186163)",1449,FANCA,PTM,2175
7,MOD_RES,Phosphoserine,"ECO:0000269 - experimental evidence used in manual assertion[URL](http://www.ncbi.nlm.nih.gov/pubmed/18212739)",7,FANCG,PTM,2189
1,MOD_RES,N-acetylmethionine,"ECO:0000244 - combinatorial evidence used in manual assertion[URL](http://www.ncbi.nlm.nih.gov/pubmed/22814378)",1,BRCA1,PTM,672
114,MOD_RES,Phosphoserine,"ECO:0000244 - combinatorial evidence used in manual assertion[URL](http://www.ncbi.nlm.nih.gov/pubmed/20068231)ECO:0000244 - combinatorial evidence used in manual assertion[URL](http://www.ncbi.nlm.nih.gov/pubmed/21406692)ECO:0000244 - combinatorial evidence used in manual assertion[URL](http://www.ncbi.nlm.nih.gov/pubmed/23186163)",114,BRCA1,PTM,672
308,MOD_RES,Phosphoserine; by AURKA,"ECO:0000269 - experimental evidence used in manual assertion[URL](http://www.ncbi.nlm.nih.gov/pubmed/14990569)",308,BRCA1,PTM,672
395,MOD_RES,Phosphoserine,"ECO:0000244 - combinatorial evidence used in manual assertion[URL](http://www.ncbi.nlm.nih.gov/pubmed/18669648)ECO:0000244 - combinatorial evidence used in manual assertion[URL](http://www.ncbi.nlm.nih.gov/pubmed/19690332)",395,BRCA1,PTM,672
398,MOD_RES,Phosphoserine,"ECO:0000244 - combinatorial evidence used in manual assertion[URL](http://www.ncbi.nlm.nih.gov/pubmed/18669648)ECO:0000244 - combinatorial evidence used in manual assertion[URL](http://www.ncbi.nlm.nih.gov/pubmed/19690332)",398,BRCA1,PTM,672
423,MOD_RES,Phosphoserine,"ECO:0000244 - combinatorial evidence used in manual assertion[URL](http://www.ncbi.nlm.nih.gov/pubmed/20068231)",423,BRCA1,PTM,672
434,MOD_RES,Phosphoserine,"ECO:0000244 - combinatorial evidence used in manual assertion[URL](http://www.ncbi.nlm.nih.gov/pubmed/23186163)",434,BRCA1,PTM,672
551,MOD_RES,Phosphoserine,"ECO:0000244 - combinatorial evidence used in manual assertion[URL](http://www.ncbi.nlm.nih.gov/pubmed/23186163)",551,BRCA1,PTM,672
694,MOD_RES,Phosphoserine,"ECO:0000244 - combinatorial evidence used in manual assertion[URL](http://www.ncbi.nlm.nih.gov/pubmed/20068231)ECO:0000244 - combinatorial evidence used in manual assertion[URL](http://www.ncbi.nlm.nih.gov/pubmed/23186163)",694,BRCA1,PTM,672
708,MOD_RES,Phosphoserine,"ECO:0000244 - combinatorial evidence used in manual assertion[URL](http://www.ncbi.nlm.nih.gov/pubmed/23186163)",708,BRCA1,PTM,672
725,MOD_RES,Phosphoserine,"ECO:0000250 - sequence similarity evidence used in manual assertion[URL](http://www.uniprot.org/uniprot/P48754)",725,BRCA1,PTM,672
753,MOD_RES,Phosphoserine,"ECO:0000244 - combinatorial evidence used in manual assertion[URL](http://www.ncbi.nlm.nih.gov/pubmed/18669648)",753,BRCA1,PTM,672
840,MOD_RES,Phosphoserine,"ECO:0000250 - sequence similarity evidence used in manual assertion[URL](http://www.uniprot.org/uniprot/P48754)",840,BRCA1,PTM,672
988,MOD_RES,Phosphoserine; by CHEK2,"ECO:0000269 - experimental evidence used in manual assertion[URL](http://www.ncbi.nlm.nih.gov/pubmed/10724175)ECO:0000269 - experimental evidence used in manual assertion[URL](http://www.ncbi.nlm.nih.gov/pubmed/20364141)",988,BRCA1,PTM,672
1009,MOD_RES,Phosphoserine,"ECO:0000244 - combinatorial evidence used in manual assertion[URL](http://www.ncbi.nlm.nih.gov/pubmed/23186163)",1009,BRCA1,PTM,672
1143,MOD_RES,Phosphoserine; by ATR; in vitro,"ECO:0000269 - experimental evidence used in manual assertion[URL](http://www.ncbi.nlm.nih.gov/pubmed/11114888)",1143,BRCA1,PTM,672
1189,MOD_RES,Phosphoserine,"ECO:0000244 - combinatorial evidence used in manual assertion[URL](http://www.ncbi.nlm.nih.gov/pubmed/23186163)",1189,BRCA1,PTM,672
1191,MOD_RES,Phosphoserine,"ECO:0000244 - combinatorial evidence used in manual assertion[URL](http://www.ncbi.nlm.nih.gov/pubmed/23186163)",1191,BRCA1,PTM,672
1211,MOD_RES,Phosphoserine,"ECO:0000244 - combinatorial evidence used in manual assertion[URL](http://www.ncbi.nlm.nih.gov/pubmed/18669648)",1211,BRCA1,PTM,672
1217,MOD_RES,Phosphoserine,"ECO:0000244 - combinatorial evidence used in manual assertion[URL](http://www.ncbi.nlm.nih.gov/pubmed/18669648)",1217,BRCA1,PTM,672
1218,MOD_RES,Phosphoserine,"ECO:0000244 - combinatorial evidence used in manual assertion[URL](http://www.ncbi.nlm.nih.gov/pubmed/18669648)ECO:0000244 - combinatorial evidence used in manual assertion[URL](http://www.ncbi.nlm.nih.gov/pubmed/21406692)",1218,BRCA1,PTM,672
1280,MOD_RES,Phosphoserine; by ATR; in vitro,"ECO:0000269 - experimental evidence used in manual assertion[URL](http://www.ncbi.nlm.nih.gov/pubmed/11114888)",1280,BRCA1,PTM,672
1328,MOD_RES,Phosphoserine,"ECO:0000244 - combinatorial evidence used in manual assertion[URL](http://www.ncbi.nlm.nih.gov/pubmed/20068231)",1328,BRCA1,PTM,672
1336,MOD_RES,Phosphoserine,"ECO:0000244 - combinatorial evidence used in manual assertion[URL](http://www.ncbi.nlm.nih.gov/pubmed/17081983)ECO:0000244 - combinatorial evidence used in manual assertion[URL](http://www.ncbi.nlm.nih.gov/pubmed/20068231)ECO:0000244 - combinatorial evidence used in manual assertion[URL](http://www.ncbi.nlm.nih.gov/pubmed/21406692)",1336,BRCA1,PTM,672
1342,MOD_RES,Phosphoserine,"ECO:0000244 - combinatorial evidence used in manual assertion[URL](http://www.ncbi.nlm.nih.gov/pubmed/20068231)ECO:0000244 - combinatorial evidence used in manual assertion[URL](http://www.ncbi.nlm.nih.gov/pubmed/21406692)",1342,BRCA1,PTM,672
1387,MOD_RES,Phosphoserine; by ATM and ATR,"ECO:0000269 - experimental evidence used in manual assertion[URL](http://www.ncbi.nlm.nih.gov/pubmed/11114888)",1387,BRCA1,PTM,672
1394,MOD_RES,Phosphothreonine; by ATR; in vitro,"ECO:0000269 - experimental evidence used in manual assertion[URL](http://www.ncbi.nlm.nih.gov/pubmed/11114888)",1394,BRCA1,PTM,672
1423,MOD_RES,Phosphoserine; by ATM and ATR,"ECO:0000269 - experimental evidence used in manual assertion[URL](http://www.ncbi.nlm.nih.gov/pubmed/11114888)",1423,BRCA1,PTM,672
1457,MOD_RES,Phosphoserine; by ATR; in vitro,"ECO:0000269 - experimental evidence used in manual assertion[URL](http://www.ncbi.nlm.nih.gov/pubmed/11114888)",1457,BRCA1,PTM,672
1524,MOD_RES,Phosphoserine; by ATM,"ECO:0000269 - experimental evidence used in manual assertion[URL](http://www.ncbi.nlm.nih.gov/pubmed/21144835)",1524,BRCA1,PTM,672
1542,MOD_RES,Phosphoserine,"ECO:0000244 - combinatorial evidence used in manual assertion[URL](http://www.ncbi.nlm.nih.gov/pubmed/23186163)",1542,BRCA1,PTM,672
109,CROSSLNK,Glycyl lysine isopeptide (Lys-Gly) (interchain with G-Cter in SUMO2),"ECO:0000244 - combinatorial evidence used in manual assertion[URL](http://www.ncbi.nlm.nih.gov/pubmed/28112733)",109,BRCA1,PTM,672
301,CROSSLNK,Glycyl lysine isopeptide (Lys-Gly) (interchain with G-Cter in SUMO2),"ECO:0000244 - combinatorial evidence used in manual assertion[URL](http://www.ncbi.nlm.nih.gov/pubmed/28112733)",301,BRCA1,PTM,672
339,CROSSLNK,Glycyl lysine isopeptide (Lys-Gly) (interchain with G-Cter in SUMO2),"ECO:0000244 - combinatorial evidence used in manual assertion[URL](http://www.ncbi.nlm.nih.gov/pubmed/25218447)ECO:0000244 - combinatorial evidence used in manual assertion[URL](http://www.ncbi.nlm.nih.gov/pubmed/25755297)ECO:0000244 - combinatorial evidence used in manual assertion[URL](http://www.ncbi.nlm.nih.gov/pubmed/28112733)",339,BRCA1,PTM,672
443,CROSSLNK,Glycyl lysine isopeptide (Lys-Gly) (interchain with G-Cter in SUMO2),"ECO:0000244 - combinatorial evidence used in manual assertion[URL](http://www.ncbi.nlm.nih.gov/pubmed/25755297)ECO:0000244 - combinatorial evidence used in manual assertion[URL](http://www.ncbi.nlm.nih.gov/pubmed/28112733)",443,BRCA1,PTM,672
459,CROSSLNK,Glycyl lysine isopeptide (Lys-Gly) (interchain with G-Cter in SUMO2),"ECO:0000244 - combinatorial evidence used in manual assertion[URL](http://www.ncbi.nlm.nih.gov/pubmed/25218447)ECO:0000244 - combinatorial evidence used in manual assertion[URL](http://www.ncbi.nlm.nih.gov/pubmed/28112733)",459,BRCA1,PTM,672
519,CROSSLNK,Glycyl lysine isopeptide (Lys-Gly) (interchain with G-Cter in SUMO2),"ECO:0000244 - combinatorial evidence used in manual assertion[URL](http://www.ncbi.nlm.nih.gov/pubmed/28112733)",519,BRCA1,PTM,672
583,CROSSLNK,Glycyl lysine isopeptide (Lys-Gly) (interchain with G-Cter in SUMO2),"ECO:0000244 - combinatorial evidence used in manual assertion[URL](http://www.ncbi.nlm.nih.gov/pubmed/25218447)ECO:0000244 - combinatorial evidence used in manual assertion[URL](http://www.ncbi.nlm.nih.gov/pubmed/25755297)ECO:0000244 - combinatorial evidence used in manual assertion[URL](http://www.ncbi.nlm.nih.gov/pubmed/28112733)",583,BRCA1,PTM,672
654,CROSSLNK,Glycyl lysine isopeptide (Lys-Gly) (interchain with G-Cter in SUMO2),"ECO:0000244 - combinatorial evidence used in manual assertion[URL](http://www.ncbi.nlm.nih.gov/pubmed/25218447)",654,BRCA1,PTM,672
734,CROSSLNK,Glycyl lysine isopeptide (Lys-Gly) (interchain with G-Cter in SUMO2),"ECO:0000244 - combinatorial evidence used in manual assertion[URL](http://www.ncbi.nlm.nih.gov/pubmed/25218447)",734,BRCA1,PTM,672
739,CROSSLNK,Glycyl lysine isopeptide (Lys-Gly) (interchain with G-Cter in SUMO2),"ECO:0000244 - combinatorial evidence used in manual assertion[URL](http://www.ncbi.nlm.nih.gov/pubmed/25218447)",739,BRCA1,PTM,672
918,CROSSLNK,Glycyl lysine isopeptide (Lys-Gly) (interchain with G-Cter in SUMO2),"ECO:0000244 - combinatorial evidence used in manual assertion[URL](http://www.ncbi.nlm.nih.gov/pubmed/28112733)",918,BRCA1,PTM,672
987,CROSSLNK,Glycyl lysine isopeptide (Lys-Gly) (interchain with G-Cter in SUMO2),"ECO:0000244 - combinatorial evidence used in manual assertion[URL](http://www.ncbi.nlm.nih.gov/pubmed/28112733)",987,BRCA1,PTM,672
1079,CROSSLNK,Glycyl lysine isopeptide (Lys-Gly) (interchain with G-Cter in SUMO2),"ECO:0000244 - combinatorial evidence used in manual assertion[URL](http://www.ncbi.nlm.nih.gov/pubmed/28112733)",1079,BRCA1,PTM,672
,,,,,FANCF,,2188
,,,,,FAAP24,,91442
2,MOD_RES,N-acetylalanine,"ECO:0000244 - combinatorial evidence used in manual assertion[URL](http://www.ncbi.nlm.nih.gov/pubmed/22814378)",2,RAD51,PTM,5888
54,MOD_RES,Phosphotyrosine; by ABL1,"ECO:0000269 - experimental evidence used in manual assertion[URL](http://www.ncbi.nlm.nih.gov/pubmed/9461559)",54,RAD51,PTM,5888
309,MOD_RES,Phosphothreonine; by CHEK1,"ECO:0000269 - experimental evidence used in manual assertion[URL](http://www.ncbi.nlm.nih.gov/pubmed/15665856)",309,RAD51,PTM,5888
58,CROSSLNK,Glycyl lysine isopeptide (Lys-Gly) (interchain with G-Cter in ubiquitin),"ECO:0000269 - experimental evidence used in manual assertion[URL](http://www.ncbi.nlm.nih.gov/pubmed/23393192)",58,RAD51,PTM,5888
64,CROSSLNK,Glycyl lysine isopeptide (Lys-Gly) (interchain with G-Cter in ubiquitin),"ECO:0000269 - experimental evidence used in manual assertion[URL](http://www.ncbi.nlm.nih.gov/pubmed/23393192)",64,RAD51,PTM,5888
46,MOD_RES,Phosphoserine; by ATM and ATR,"ECO:0000269 - experimental evidence used in manual assertion[URL](http://www.ncbi.nlm.nih.gov/pubmed/20173098)ECO:0000269 - experimental evidence used in manual assertion[URL](http://www.ncbi.nlm.nih.gov/pubmed/28575657)ECO:0000269 - experimental evidence used in manual assertion[URL](http://www.ncbi.nlm.nih.gov/pubmed/28575658)",46,RFWD3,PTM,55159
63,MOD_RES,Phosphoserine; by ATM and ATR,"ECO:0000269 - experimental evidence used in manual assertion[URL](http://www.ncbi.nlm.nih.gov/pubmed/20173098)ECO:0000269 - experimental evidence used in manual assertion[URL](http://www.ncbi.nlm.nih.gov/pubmed/28575657)ECO:0000269 - experimental evidence used in manual assertion[URL](http://www.ncbi.nlm.nih.gov/pubmed/28575658)",63,RFWD3,PTM,55159
1,MOD_RES,N-acetylmethionine,"ECO:0000244 - combinatorial evidence used in manual assertion[URL](http://www.ncbi.nlm.nih.gov/pubmed/22814378)",1,CENPS,PTM,378708
249,MOD_RES,Phosphoserine,"ECO:0000244 - combinatorial evidence used in manual assertion[URL](http://www.ncbi.nlm.nih.gov/pubmed/18669648)ECO:0000244 - combinatorial evidence used in manual assertion[URL](http://www.ncbi.nlm.nih.gov/pubmed/19690332)ECO:0000244 - combinatorial evidence used in manual assertion[URL](http://www.ncbi.nlm.nih.gov/pubmed/21406692)ECO:0000244 - combinatorial evidence used in manual assertion[URL](http://www.ncbi.nlm.nih.gov/pubmed/23186163)",249,FANCE,PTM,2178
346,MOD_RES,Phosphothreonine; by CHEK1,"ECO:0000269 - experimental evidence used in manual assertion[URL](http://www.ncbi.nlm.nih.gov/pubmed/17296736)",346,FANCE,PTM,2178
374,MOD_RES,Phosphoserine; by CHEK1,"ECO:0000269 - experimental evidence used in manual assertion[URL](http://www.ncbi.nlm.nih.gov/pubmed/17296736)",374,FANCE,PTM,2178
172,MOD_RES,Phosphoserine,"ECO:0000244 - combinatorial evidence used in manual assertion[URL](http://www.ncbi.nlm.nih.gov/pubmed/23186163)",172,PALB2,PTM,79728
190,MOD_RES,Phosphoserine,"ECO:0000244 - combinatorial evidence used in manual assertion[URL](http://www.ncbi.nlm.nih.gov/pubmed/23186163)",190,PALB2,PTM,79728
285,MOD_RES,Phosphoserine,"ECO:0000244 - combinatorial evidence used in manual assertion[URL](http://www.ncbi.nlm.nih.gov/pubmed/23186163)",285,PALB2,PTM,79728
376,MOD_RES,Phosphoserine,"ECO:0000244 - combinatorial evidence used in manual assertion[URL](http://www.ncbi.nlm.nih.gov/pubmed/17525332)ECO:0000244 - combinatorial evidence used in manual assertion[URL](http://www.ncbi.nlm.nih.gov/pubmed/20068231)ECO:0000244 - combinatorial evidence used in manual assertion[URL](http://www.ncbi.nlm.nih.gov/pubmed/23186163)",376,PALB2,PTM,79728
387,MOD_RES,Phosphoserine,"ECO:0000244 - combinatorial evidence used in manual assertion[URL](http://www.ncbi.nlm.nih.gov/pubmed/19690332)ECO:0000244 - combinatorial evidence used in manual assertion[URL](http://www.ncbi.nlm.nih.gov/pubmed/23186163)",387,PALB2,PTM,79728
454,MOD_RES,Phosphoserine,"ECO:0000244 - combinatorial evidence used in manual assertion[URL](http://www.ncbi.nlm.nih.gov/pubmed/23186163)",454,PALB2,PTM,79728
660,MOD_RES,Phosphoserine,"ECO:0000244 - combinatorial evidence used in manual assertion[URL](http://www.ncbi.nlm.nih.gov/pubmed/23186163)",660,PALB2,PTM,79728
781,MOD_RES,Phosphoserine,"ECO:0000244 - combinatorial evidence used in manual assertion[URL](http://www.ncbi.nlm.nih.gov/pubmed/23186163)",781,PALB2,PTM,79728
34,MOD_RES,Phosphoserine,"ECO:0000244 - combinatorial evidence used in manual assertion[URL](http://www.ncbi.nlm.nih.gov/pubmed/23186163)",34,FANCM,PTM,57697
1673,MOD_RES,Phosphoserine,"ECO:0000244 - combinatorial evidence used in manual assertion[URL](http://www.ncbi.nlm.nih.gov/pubmed/23186163)",1673,FANCM,PTM,57697
1674,MOD_RES,Phosphoserine,"ECO:0000244 - combinatorial evidence used in manual assertion[URL](http://www.ncbi.nlm.nih.gov/pubmed/23186163)",1674,FANCM,PTM,57697
70,MOD_RES,Phosphoserine,"ECO:0000244 - combinatorial evidence used in manual assertion[URL](http://www.ncbi.nlm.nih.gov/pubmed/23186163)",70,BRCA2,PTM,675
445,MOD_RES,Phosphoserine,"ECO:0000244 - combinatorial evidence used in manual assertion[URL](http://www.ncbi.nlm.nih.gov/pubmed/23186163)",445,BRCA2,PTM,675
492,MOD_RES,Phosphoserine,"ECO:0000244 - combinatorial evidence used in manual assertion[URL](http://www.ncbi.nlm.nih.gov/pubmed/23186163)",492,BRCA2,PTM,675
755,MOD_RES,Phosphoserine,"ECO:0000244 - combinatorial evidence used in manual assertion[URL](http://www.ncbi.nlm.nih.gov/pubmed/17525332)",755,BRCA2,PTM,675
1970,MOD_RES,Phosphoserine,"ECO:0000244 - combinatorial evidence used in manual assertion[URL](http://www.ncbi.nlm.nih.gov/pubmed/23186163)",1970,BRCA2,PTM,675
2035,MOD_RES,Phosphothreonine,"ECO:0000244 - combinatorial evidence used in manual assertion[URL](http://www.ncbi.nlm.nih.gov/pubmed/23186163)",2035,BRCA2,PTM,675
2095,MOD_RES,Phosphoserine,"ECO:0000244 - combinatorial evidence used in manual assertion[URL](http://www.ncbi.nlm.nih.gov/pubmed/23186163)",2095,BRCA2,PTM,675
3291,MOD_RES,Phosphoserine; by CDK1 and CDK2,"ECO:0000269 - experimental evidence used in manual assertion[URL](http://www.ncbi.nlm.nih.gov/pubmed/15800615)",3291,BRCA2,PTM,675
3319,MOD_RES,Phosphoserine,"ECO:0000244 - combinatorial evidence used in manual assertion[URL](http://www.ncbi.nlm.nih.gov/pubmed/23186163)",3319,BRCA2,PTM,675
3387,MOD_RES,Phosphothreonine; by CHEK1 and CHEK2,"ECO:0000269 - experimental evidence used in manual assertion[URL](http://www.ncbi.nlm.nih.gov/pubmed/18317453)",3387,BRCA2,PTM,675
8,MOD_RES,Phosphoserine,"ECO:0000244 - combinatorial evidence used in manual assertion[URL](http://www.ncbi.nlm.nih.gov/pubmed/20068231)",8,FANCD2,PTM,2177
222,MOD_RES,Phosphoserine; by ATM,"ECO:0000269 - experimental evidence used in manual assertion[URL](http://www.ncbi.nlm.nih.gov/pubmed/12086603)",222,FANCD2,PTM,2177
592,MOD_RES,Phosphoserine,"ECO:0000244 - combinatorial evidence used in manual assertion[URL](http://www.ncbi.nlm.nih.gov/pubmed/17525332)ECO:0000244 - combinatorial evidence used in manual assertion[URL](http://www.ncbi.nlm.nih.gov/pubmed/23186163)",592,FANCD2,PTM,2177
594,MOD_RES,Phosphoserine,"ECO:0000244 - combinatorial evidence used in manual assertion[URL](http://www.ncbi.nlm.nih.gov/pubmed/20068231)",594,FANCD2,PTM,2177
717,MOD_RES,Phosphoserine,"ECO:0000244 - combinatorial evidence used in manual assertion[URL](http://www.ncbi.nlm.nih.gov/pubmed/20068231)",717,FANCD2,PTM,2177
1257,MOD_RES,Phosphoserine,"ECO:0000244 - combinatorial evidence used in manual assertion[URL](http://www.ncbi.nlm.nih.gov/pubmed/23186163)",1257,FANCD2,PTM,2177
1401,MOD_RES,Phosphoserine; by ATM,"ECO:0000305 - curator inference used in manual assertion",1401,FANCD2,PTM,2177
1404,MOD_RES,Phosphoserine; by ATM,"ECO:0000269 - experimental evidence used in manual assertion[URL](http://www.ncbi.nlm.nih.gov/pubmed/12086603)",1404,FANCD2,PTM,2177
1412,MOD_RES,Phosphoserine,"ECO:0000244 - combinatorial evidence used in manual assertion[URL](http://www.ncbi.nlm.nih.gov/pubmed/17525332)ECO:0000244 - combinatorial evidence used in manual assertion[URL](http://www.ncbi.nlm.nih.gov/pubmed/18669648)ECO:0000244 - combinatorial evidence used in manual assertion[URL](http://www.ncbi.nlm.nih.gov/pubmed/20068231)ECO:0000244 - combinatorial evidence used in manual assertion[URL](http://www.ncbi.nlm.nih.gov/pubmed/23186163)",1412,FANCD2,PTM,2177
1423,MOD_RES,Phosphoserine,"ECO:0000244 - combinatorial evidence used in manual assertion[URL](http://www.ncbi.nlm.nih.gov/pubmed/20068231)",1423,FANCD2,PTM,2177
1426,MOD_RES,Phosphothreonine,"ECO:0000244 - combinatorial evidence used in manual assertion[URL](http://www.ncbi.nlm.nih.gov/pubmed/20068231)",1426,FANCD2,PTM,2177
1435,MOD_RES,Phosphoserine,"ECO:0000244 - combinatorial evidence used in manual assertion[URL](http://www.ncbi.nlm.nih.gov/pubmed/20068231)ECO:0000244 - combinatorial evidence used in manual assertion[URL](http://www.ncbi.nlm.nih.gov/pubmed/21406692)",1435,FANCD2,PTM,2177
561,CROSSLNK,Glycyl lysine isopeptide (Lys-Gly) (interchain with G-Cter in ubiquitin),"ECO:0000269 - experimental evidence used in manual assertion[URL](http://www.ncbi.nlm.nih.gov/pubmed/11239454)ECO:0000269 - experimental evidence used in manual assertion[URL](http://www.ncbi.nlm.nih.gov/pubmed/19111657)ECO:0000269 - experimental evidence used in manual assertion[URL](http://www.ncbi.nlm.nih.gov/pubmed/20603015)ECO:0000269 - experimental evidence used in manual assertion[URL](http://www.ncbi.nlm.nih.gov/pubmed/20603016)ECO:0000269 - experimental evidence used in manual assertion[URL](http://www.ncbi.nlm.nih.gov/pubmed/20603073)",561,FANCD2,PTM,2177
2,MOD_RES,N-acetylthreonine,"ECO:0000244 - combinatorial evidence used in manual assertion[URL](http://www.ncbi.nlm.nih.gov/pubmed/22814378)",2,FANCB,PTM,2187
169,MOD_RES,Phosphoserine,"ECO:0000244 - combinatorial evidence used in manual assertion[URL](http://www.ncbi.nlm.nih.gov/pubmed/23186163)",169,SLX4,PTM,84464
287,MOD_RES,Phosphoserine,"ECO:0000244 - combinatorial evidence used in manual assertion[URL](http://www.ncbi.nlm.nih.gov/pubmed/18669648)",287,SLX4,PTM,84464
1028,MOD_RES,Phosphoserine,"ECO:0000244 - combinatorial evidence used in manual assertion[URL](http://www.ncbi.nlm.nih.gov/pubmed/23186163)",1028,SLX4,PTM,84464
1044,MOD_RES,Phosphoserine,"ECO:0000244 - combinatorial evidence used in manual assertion[URL](http://www.ncbi.nlm.nih.gov/pubmed/20068231)ECO:0000244 - combinatorial evidence used in manual assertion[URL](http://www.ncbi.nlm.nih.gov/pubmed/23186163)",1044,SLX4,PTM,84464
1070,MOD_RES,Phosphoserine,"ECO:0000244 - combinatorial evidence used in manual assertion[URL](http://www.ncbi.nlm.nih.gov/pubmed/23186163)",1070,SLX4,PTM,84464
1121,MOD_RES,Phosphoserine,"ECO:0000250 - sequence similarity evidence used in manual assertion[URL](http://www.uniprot.org/uniprot/Q6P1D7)",1121,SLX4,PTM,84464
1135,MOD_RES,Phosphoserine,"ECO:0000250 - sequence similarity evidence used in manual assertion[URL](http://www.uniprot.org/uniprot/Q6P1D7)",1135,SLX4,PTM,84464
1185,MOD_RES,Phosphoserine,"ECO:0000244 - combinatorial evidence used in manual assertion[URL](http://www.ncbi.nlm.nih.gov/pubmed/23186163)",1185,SLX4,PTM,84464
1464,MOD_RES,Phosphoserine,"ECO:0000250 - sequence similarity evidence used in manual assertion[URL](http://www.uniprot.org/uniprot/Q6P1D7)",1464,SLX4,PTM,84464
1469,MOD_RES,Phosphoserine,"ECO:0000244 - combinatorial evidence used in manual assertion[URL](http://www.ncbi.nlm.nih.gov/pubmed/18220336)ECO:0000244 - combinatorial evidence used in manual assertion[URL](http://www.ncbi.nlm.nih.gov/pubmed/18669648)ECO:0000244 - combinatorial evidence used in manual assertion[URL](http://www.ncbi.nlm.nih.gov/pubmed/23186163)",1469,SLX4,PTM,84464
1610,MOD_RES,Phosphoserine,"ECO:0000250 - sequence similarity evidence used in manual assertion[URL](http://www.uniprot.org/uniprot/Q6P1D7)",1610,SLX4,PTM,84464
68,CROSSLNK,Glycyl lysine isopeptide (Lys-Gly) (interchain with G-Cter in SUMO2),"ECO:0000244 - combinatorial evidence used in manual assertion[URL](http://www.ncbi.nlm.nih.gov/pubmed/28112733)",68,SLX4,PTM,84464
291,CROSSLNK,Glycyl lysine isopeptide (Lys-Gly) (interchain with G-Cter in SUMO2),"ECO:0000244 - combinatorial evidence used in manual assertion[URL](http://www.ncbi.nlm.nih.gov/pubmed/25755297)ECO:0000244 - combinatorial evidence used in manual assertion[URL](http://www.ncbi.nlm.nih.gov/pubmed/28112733)",291,SLX4,PTM,84464
347,CROSSLNK,Glycyl lysine isopeptide (Lys-Gly) (interchain with G-Cter in SUMO2),"ECO:0000244 - combinatorial evidence used in manual assertion[URL](http://www.ncbi.nlm.nih.gov/pubmed/28112733)",347,SLX4,PTM,84464
359,CROSSLNK,Glycyl lysine isopeptide (Lys-Gly) (interchain with G-Cter in SUMO2),"ECO:0000244 - combinatorial evidence used in manual assertion[URL](http://www.ncbi.nlm.nih.gov/pubmed/28112733)",359,SLX4,PTM,84464
412,CROSSLNK,Glycyl lysine isopeptide (Lys-Gly) (interchain with G-Cter in SUMO2),"ECO:0000244 - combinatorial evidence used in manual assertion[URL](http://www.ncbi.nlm.nih.gov/pubmed/28112733)",412,SLX4,PTM,84464
458,CROSSLNK,Glycyl lysine isopeptide (Lys-Gly) (interchain with G-Cter in SUMO2),"ECO:0000244 - combinatorial evidence used in manual assertion[URL](http://www.ncbi.nlm.nih.gov/pubmed/28112733)",458,SLX4,PTM,84464
835,CROSSLNK,Glycyl lysine isopeptide (Lys-Gly) (interchain with G-Cter in SUMO2),"ECO:0000244 - combinatorial evidence used in manual assertion[URL](http://www.ncbi.nlm.nih.gov/pubmed/28112733)",835,SLX4,PTM,84464
902,CROSSLNK,Glycyl lysine isopeptide (Lys-Gly) (interchain with G-Cter in SUMO2),"ECO:0000244 - combinatorial evidence used in manual assertion[URL](http://www.ncbi.nlm.nih.gov/pubmed/28112733)",902,SLX4,PTM,84464
970,CROSSLNK,Glycyl lysine isopeptide (Lys-Gly) (interchain with G-Cter in SUMO2),"ECO:0000244 - combinatorial evidence used in manual assertion[URL](http://www.ncbi.nlm.nih.gov/pubmed/28112733)",970,SLX4,PTM,84464
1081,CROSSLNK,Glycyl lysine isopeptide (Lys-Gly) (interchain with G-Cter in SUMO2),"ECO:0000244 - combinatorial evidence used in manual assertion[URL](http://www.ncbi.nlm.nih.gov/pubmed/28112733)",1081,SLX4,PTM,84464
1093,CROSSLNK,Glycyl lysine isopeptide (Lys-Gly) (interchain with G-Cter in SUMO2),"ECO:0000244 - combinatorial evidence used in manual assertion[URL](http://www.ncbi.nlm.nih.gov/pubmed/28112733)",1093,SLX4,PTM,84464
1112,CROSSLNK,Glycyl lysine isopeptide (Lys-Gly) (interchain with G-Cter in SUMO2),"ECO:0000244 - combinatorial evidence used in manual assertion[URL](http://www.ncbi.nlm.nih.gov/pubmed/25755297)ECO:0000244 - combinatorial evidence used in manual assertion[URL](http://www.ncbi.nlm.nih.gov/pubmed/28112733)",1112,SLX4,PTM,84464
1120,CROSSLNK,Glycyl lysine isopeptide (Lys-Gly) (interchain with G-Cter in SUMO2),"ECO:0000244 - combinatorial evidence used in manual assertion[URL](http://www.ncbi.nlm.nih.gov/pubmed/28112733)",1120,SLX4,PTM,84464
1169,CROSSLNK,Glycyl lysine isopeptide (Lys-Gly) (interchain with G-Cter in SUMO2),"ECO:0000244 - combinatorial evidence used in manual assertion[URL](http://www.ncbi.nlm.nih.gov/pubmed/28112733)",1169,SLX4,PTM,84464
1179,CROSSLNK,Glycyl lysine isopeptide (Lys-Gly) (interchain with G-Cter in SUMO2),"ECO:0000244 - combinatorial evidence used in manual assertion[URL](http://www.ncbi.nlm.nih.gov/pubmed/25755297)ECO:0000244 - combinatorial evidence used in manual assertion[URL](http://www.ncbi.nlm.nih.gov/pubmed/28112733)",1179,SLX4,PTM,84464
1180,CROSSLNK,Glycyl lysine isopeptide (Lys-Gly) (interchain with G-Cter in SUMO2),"ECO:0000244 - combinatorial evidence used in manual assertion[URL](http://www.ncbi.nlm.nih.gov/pubmed/25218447)ECO:0000244 - combinatorial evidence used in manual assertion[URL](http://www.ncbi.nlm.nih.gov/pubmed/25755297)ECO:0000244 - combinatorial evidence used in manual assertion[URL](http://www.ncbi.nlm.nih.gov/pubmed/28112733)",1180,SLX4,PTM,84464
1575,CROSSLNK,Glycyl lysine isopeptide (Lys-Gly) (interchain with G-Cter in SUMO2),"ECO:0000244 - combinatorial evidence used in manual assertion[URL](http://www.ncbi.nlm.nih.gov/pubmed/25218447)ECO:0000244 - combinatorial evidence used in manual assertion[URL](http://www.ncbi.nlm.nih.gov/pubmed/25755297)ECO:0000244 - combinatorial evidence used in manual assertion[URL](http://www.ncbi.nlm.nih.gov/pubmed/25772364)ECO:0000244 - combinatorial evidence used in manual assertion[URL](http://www.ncbi.nlm.nih.gov/pubmed/28112733)",1575,SLX4,PTM,84464
1576,CROSSLNK,Glycyl lysine isopeptide (Lys-Gly) (interchain with G-Cter in SUMO2),"ECO:0000244 - combinatorial evidence used in manual assertion[URL](http://www.ncbi.nlm.nih.gov/pubmed/28112733)",1576,SLX4,PTM,84464
1657,CROSSLNK,Glycyl lysine isopeptide (Lys-Gly) (interchain with G-Cter in SUMO2),"ECO:0000244 - combinatorial evidence used in manual assertion[URL](http://www.ncbi.nlm.nih.gov/pubmed/28112733)",1657,SLX4,PTM,84464
184,MOD_RES,Phosphoserine,"ECO:0000244 - combinatorial evidence used in manual assertion[URL](http://www.ncbi.nlm.nih.gov/pubmed/23186163)",184,UBE2T,PTM,29089
91,CROSSLNK,Glycyl lysine isopeptide (Lys-Gly) (interchain with G-Cter in ubiquitin),"ECO:0000269 - experimental evidence used in manual assertion[URL](http://www.ncbi.nlm.nih.gov/pubmed/16916645)ECO:0000269 - experimental evidence used in manual assertion[URL](http://www.ncbi.nlm.nih.gov/pubmed/19111657)",91,UBE2T,PTM,29089
182,CROSSLNK,Glycyl lysine isopeptide (Lys-Gly) (interchain with G-Cter in ubiquitin),"ECO:0000269 - experimental evidence used in manual assertion[URL](http://www.ncbi.nlm.nih.gov/pubmed/19111657)",182,UBE2T,PTM,29089
191,CROSSLNK,Glycyl lysine isopeptide (Lys-Gly) (interchain with G-Cter in SUMO2),"ECO:0000244 - combinatorial evidence used in manual assertion[URL](http://www.ncbi.nlm.nih.gov/pubmed/28112733)",191,UBE2T,PTM,29089
192,CROSSLNK,Glycyl lysine isopeptide (Lys-Gly) (interchain with G-Cter in SUMO2),"ECO:0000244 - combinatorial evidence used in manual assertion[URL](http://www.ncbi.nlm.nih.gov/pubmed/28112733)",192,UBE2T,PTM,29089
667,MOD_RES,Phosphoserine,"ECO:0000244 - combinatorial evidence used in manual assertion[URL](http://www.ncbi.nlm.nih.gov/pubmed/18669648)ECO:0000244 - combinatorial evidence used in manual assertion[URL](http://www.ncbi.nlm.nih.gov/pubmed/23186163)ECO:0000244 - combinatorial evidence used in manual assertion[URL](http://www.ncbi.nlm.nih.gov/pubmed/24275569)",667,FAAP100,PTM,80233
,,,,,FANCC,,2176
113,MOD_RES,Phosphoserine,"ECO:0000244 - combinatorial evidence used in manual assertion[URL](http://www.ncbi.nlm.nih.gov/pubmed/23186163)",113,FAAP20,PTM,199990
137,MOD_RES,Phosphoserine,"ECO:0000244 - combinatorial evidence used in manual assertion[URL](http://www.ncbi.nlm.nih.gov/pubmed/23186163)",137,FAAP20,PTM,199990
1,MOD_RES,N-acetylmethionine,"ECO:0000244 - combinatorial evidence used in manual assertion[URL](http://www.ncbi.nlm.nih.gov/pubmed/22814378)",1,CENPX,PTM,201254
2,MOD_RES,N-acetylalanine,"ECO:0000244 - combinatorial evidence used in manual assertion[URL](http://www.ncbi.nlm.nih.gov/pubmed/22814378)",2,FANCL,PTM,55120
10,MOD_RES,Phosphoserine,"ECO:0000244 - combinatorial evidence used in manual assertion[URL](http://www.ncbi.nlm.nih.gov/pubmed/23186163)",10,XRCC2,PTM,7516
505,MOD_RES,Phosphoserine,"ECO:0000244 - combinatorial evidence used in manual assertion[URL](http://www.ncbi.nlm.nih.gov/pubmed/23186163)",505,BRIP1,PTM,83990
927,MOD_RES,Phosphoserine,"ECO:0000244 - combinatorial evidence used in manual assertion[URL](http://www.ncbi.nlm.nih.gov/pubmed/18669648)",927,BRIP1,PTM,83990
930,MOD_RES,Phosphoserine,"ECO:0000244 - combinatorial evidence used in manual assertion[URL](http://www.ncbi.nlm.nih.gov/pubmed/18669648)ECO:0000244 - combinatorial evidence used in manual assertion[URL](http://www.ncbi.nlm.nih.gov/pubmed/19690332)",930,BRIP1,PTM,83990
956,MOD_RES,Phosphoserine,"ECO:0000244 - combinatorial evidence used in manual assertion[URL](http://www.ncbi.nlm.nih.gov/pubmed/23186163)",956,BRIP1,PTM,83990
990,MOD_RES,Phosphoserine,"ECO:0000244 - combinatorial evidence used in manual assertion[URL](http://www.ncbi.nlm.nih.gov/pubmed/18669648)ECO:0000269 - experimental evidence used in manual assertion[URL](http://www.ncbi.nlm.nih.gov/pubmed/14576433)",990,BRIP1,PTM,83990
1004,MOD_RES,Phosphoserine,"ECO:0000244 - combinatorial evidence used in manual assertion[URL](http://www.ncbi.nlm.nih.gov/pubmed/23186163)",1004,BRIP1,PTM,83990
1032,MOD_RES,Phosphoserine,"ECO:0000244 - combinatorial evidence used in manual assertion[URL](http://www.ncbi.nlm.nih.gov/pubmed/19690332)ECO:0000244 - combinatorial evidence used in manual assertion[URL](http://www.ncbi.nlm.nih.gov/pubmed/23186163)",1032,BRIP1,PTM,83990
1237,MOD_RES,Phosphoserine,"ECO:0000244 - combinatorial evidence used in manual assertion[URL](http://www.ncbi.nlm.nih.gov/pubmed/20068231)",1237,BRIP1,PTM,83990
1249,MOD_RES,N6-acetyllysine,"ECO:0000269 - experimental evidence used in manual assertion[URL](http://www.ncbi.nlm.nih.gov/pubmed/22792074)",1249,BRIP1,PTM,83990
407,MOD_RES,Phosphoserine,"ECO:0000244 - combinatorial evidence used in manual assertion[URL](http://www.ncbi.nlm.nih.gov/pubmed/16964243)ECO:0000244 - combinatorial evidence used in manual assertion[URL](http://www.ncbi.nlm.nih.gov/pubmed/18669648)ECO:0000244 - combinatorial evidence used in manual assertion[URL](http://www.ncbi.nlm.nih.gov/pubmed/23186163)",407,FANCI,PTM,55215
556,MOD_RES,Phosphoserine,"ECO:0000250 - sequence similarity evidence used in manual assertion[URL](http://www.uniprot.org/uniprot/Q8K368)",556,FANCI,PTM,55215
730,MOD_RES,Phosphoserine,"ECO:0000269 - experimental evidence used in manual assertion[URL](http://www.ncbi.nlm.nih.gov/pubmed/17412408)",730,FANCI,PTM,55215
952,MOD_RES,Phosphothreonine,"ECO:0000269 - experimental evidence used in manual assertion[URL](http://www.ncbi.nlm.nih.gov/pubmed/17412408)",952,FANCI,PTM,55215
1121,MOD_RES,Phosphoserine,"ECO:0000269 - experimental evidence used in manual assertion[URL](http://www.ncbi.nlm.nih.gov/pubmed/17412408)",1121,FANCI,PTM,55215
523,CROSSLNK,Glycyl lysine isopeptide (Lys-Gly) (interchain with G-Cter in ubiquitin),"ECO:0000269 - experimental evidence used in manual assertion[URL](http://www.ncbi.nlm.nih.gov/pubmed/17412408)ECO:0000269 - experimental evidence used in manual assertion[URL](http://www.ncbi.nlm.nih.gov/pubmed/17460694)ECO:0000269 - experimental evidence used in manual assertion[URL](http://www.ncbi.nlm.nih.gov/pubmed/19589784)",523,FANCI,PTM,55215